FID,OBJECTID,NAME,STATE_NAME,STATE_FIPS,CNTY_FIPS,FIPS,POPULATION,POP_SQMI,POP2010,POP10_SQMI,WHITE,BLACK,AMERI_ES,ASIAN,HAWN_PI,HISPANIC,OTHER,MULT_RACE,MALES,FEMALES,AGE_UNDER5,AGE_5_9,AGE_10_14,AGE_15_19,AGE_20_24,AGE_25_34,AGE_35_44,AGE_45_54,AGE_55_64,AGE_65_74,AGE_75_84,AGE_85_UP,MED_AGE,MED_AGE_M,MED_AGE_F,HOUSEHOLDS,AVE_HH_SZ,HSEHLD_1_M,HSEHLD_1_F,MARHH_CHD,MARHH_NO_C,MHH_CHILD,FHH_CHILD,FAMILIES,AVE_FAM_SZ,HSE_UNITS,VACANT,OWNER_OCC,RENTER_OCC,NO_FARMS12,AVE_SIZE12,CROP_ACR12,AVE_SALE12,SQMI,Shape_Leng,Shape_Area,Shape__Area,Shape__Length,GlobalID
74,1270,Alachua,Florida,12,001,12001,262216,270.6,247336,255.3,172156,50282,772,13235,134,20752,4211,6546,119786,127550,13068,11739,11669,23589,41515,36980,25508,29470,27171,14580,8375,3672,30.1,29.6,30.9,100516,2.32,13651,16705,14656,21921,1917,7983,53500,2.91,112766,12250,54768,45748,1662,113,58746,60865,968.91,2.08538104655,0.235556084501,3359710809.51367,247835.349155721,218349dc-b28e-450f-a12d-3c53f4caf175
75,1271,Baker,Florida,12,003,12003,28042,47.6,27115,46,22686,3680,76,132,5,520,111,425,14160,12955,1933,1991,1962,1877,1766,3675,3784,4018,3153,1829,888,239,36,35.3,36.8,8772,2.82,733,964,2364,2565,359,845,6717,3.21,9687,915,6813,1959,381,86,4402,41490,588.87,1.6833266797,0.14407369891,2068476202.36523,202625.217941541,ecb84e6a-4bd9-4562-8926-db1d1a63d467
76,1272,Bay,Florida,12,005,12005,180035,233.6,168852,219.1,138731,18180,1153,3353,161,8107,2039,5235,83656,85196,10633,10014,9993,10889,11624,22150,21581,26508,20901,13678,8047,2834,39.4,38.2,40.6,68438,2.41,8756,10052,12457,19369,2160,5872,44451,2.92,99650,31212,43207,25231,115,91,2689,23632,770.83,3.5723186827,0.179149816074,2570884796.62305,425422.855257531,a96cca6e-b7fd-415d-8300-2f82166e7637
77,1273,Bradford,Florida,12,007,12007,26996,89.9,28520,95,21801,5823,91,151,13,1020,189,452,16010,12510,1670,1571,1497,1571,1877,4349,3821,4539,3512,2323,1303,487,39.5,37.8,42.6,9479,2.53,1083,1292,1711,2913,304,935,6581,2.99,11011,1532,7235,2244,470,75,9165,27961,300.25,1.36487481666,0.0702441936521,1004647328.51172,164571.322496071,f0fb9c3c-95b9-48bb-a291-af6d1d285da9
78,1274,Brevard,Florida,12,009,12009,578927,545.3,543376,511.9,450927,54799,2118,11349,514,43943,9299,14370,266242,277134,26809,28563,31269,34491,29335,54795,62148,90602,74652,57686,38925,14101,45.5,44.1,46.6,229692,2.33,29518,35809,37258,73627,5655,16565,148392,2.84,269864,40172,168841,60851,513,286,19337,89650,1061.59,5.14166002717,0.242008440718,3405782401.73047,626296.700697992,96d85ab5-aed7-4ff7-a9d1-c1359917cd97
79,1275,Calhoun,Florida,12,013,12013,14630,25.5,14625,25.5,11818,2011,165,75,12,755,198,346,7955,6670,909,814,886,869,895,1992,2029,2196,1777,1320,693,245,39.7,38.6,41.4,5061,2.52,624,747,1027,1443,183,456,3450,3.03,5999,938,3887,1174,218,197,18907,91098,574.4,1.66834073761,0.138720753296,1993243599.01367,199256.836055788,679e0dbf-4405-4359-9e3b-1e34792bc626
80,1276,Charlotte,Florida,12,015,12015,173978,244.2,159978,224.5,144059,9089,417,1912,59,9213,1767,2675,77762,82216,5545,6031,6773,7336,5805,11186,14095,21232,27376,28945,18884,6770,55.8,54.6,56.8,73370,2.14,8540,12392,7714,31433,1374,3587,47873,2.57,100632,27262,58475,14895,284,765,18447,364087,712.5,2.93754889401,0.163625165929,2273767186.33789,340975.482164487,12ea5fc1-b10f-4324-bc4b-5117b981238d
81,1277,Citrus,Florida,12,017,12017,144825,229.3,141236,223.6,131350,3987,482,1996,38,6584,1106,2277,68359,72877,5537,5724,6602,7195,5357,9865,13079,19335,23501,24597,15166,5278,54,53,54.8,63304,2.2,7534,10375,7400,25674,1478,3393,41368,2.63,78026,14722,52100,11204,559,73,7259,25190,631.51,1.71833777428,0.147410545752,2085607122.22656,201561.33726833,4d91a66e-ff4f-43c4-8e83-ed32e1b405e0
82,1278,Clay,Florida,12,019,12019,209524,325.5,190865,296.5,156087,18831,871,5589,214,14609,3645,5628,93491,97374,11869,13625,15002,15061,10835,21693,27375,30089,23024,13504,6545,2243,37.8,36.8,38.7,68792,2.76,5810,7138,18544,21507,2180,6086,52419,3.13,75478,6686,52567,16225,403,128,5229,22971,643.67,1.7478315073,0.157852243733,2258393162.39844,209062.9153964,1b391ecd-3c5e-4268-a9d5-e0e9b95d25fb
83,1279,Collier,Florida,12,021,12021,368652,180.9,321520,157.7,269596,21087,1123,3507,125,83177,19920,6162,158494,163026,16836,17277,17451,17613,15516,32550,35557,40829,42940,46154,29290,9507,46.9,45.3,48.5,133179,2.38,14244,21364,21524,50628,3301,7504,89276,2.84,197298,64119,96159,37020,319,387,66948,635582,2038.27,3.21307907366,0.461870236891,6374667525.97266,374842.168645704,2b765dcf-f4c1-4cd0-bceb-91fd3bcfcdf5
84,1280,Columbia,Florida,12,023,12023,69419,86.7,67531,84.3,52611,11818,346,622,42,3276,787,1305,34951,32580,4232,4156,4205,4514,4725,8200,8075,10210,8824,6043,3253,1094,39.9,38,41.9,24941,2.52,2979,3423,4635,7394,849,2428,17122,3,28636,3695,18213,6728,945,107,33356,114893,801.02,2.20246134862,0.190283234205,2728996302.25,269708.378415479,076c38ca-98ab-4140-9e1b-54e4924a7603
85,1281,DeSoto,Florida,12,027,12027,36506,57.1,34862,54.5,23094,4431,137,178,11,10425,6178,833,19718,15144,2278,2103,2027,2456,2678,4607,4173,4348,3964,3567,2055,606,38,36.1,41.1,11445,2.71,1166,1446,2044,3632,453,1034,7903,3.1,14590,3145,8237,3208,836,362,62382,237166,639.33,1.60160234575,0.151357233669,2108541602.63477,186813.975064843,f1c3fa12-916c-4894-a8db-7d611d28c309
86,1282,Dixie,Florida,12,029,12029,16299,22.9,16422,23,14584,1386,69,48,2,512,87,246,8842,7580,865,885,859,880,872,1852,1914,2574,2551,1997,923,250,45.3,44.2,46.7,6316,2.37,935,839,1023,2035,195,452,4144,2.88,9319,3003,5193,1123,204,222,10604,93684,713.08,1.73549273893,0.170238363316,2426587623.1543,207578.162525816,08319c52-27cd-45f1-88a0-e7e61a76b232
87,1283,Duval,Florida,12,031,12031,932755,1098.2,864263,1017.6,526044,255018,3413,35901,794,65398,18427,24666,419425,444838,59501,55355,55072,58187,66043,128855,116948,128368,99765,53263,30136,12770,35.8,34.4,37.1,342450,2.47,43874,53369,62758,80809,9651,38248,218254,3.04,388486,46036,211077,131373,352,80,5546,45904,849.34,2.02155694954,0.18843798962,2705524135.55469,240942.224231326,82e4c893-6e05-4f39-8b21-b579a3686aa5
88,1284,Escambia,Florida,12,033,12033,317676,475.4,297619,445.4,204993,68282,2623,8174,430,14061,3740,9377,147119,150500,18787,17210,17092,23216,26402,38116,34012,43194,36661,23484,14116,5329,37.4,35.4,39.5,116238,2.41,14850,18784,18834,30583,3046,12348,74040,2.96,136703,20465,75418,40820,729,102,40133,58375,668.25,3.3045942454,0.161955404719,2334182767.36133,389112.455615878,5e01b1de-b5f5-4027-80ea-9d53bf81bd0c
89,1285,Flagler,Florida,12,035,12035,108166,214.2,95696,189.5,78710,10884,267,2046,59,8251,1544,2186,46016,49680,4766,5153,5571,5572,3959,9011,10763,12671,14825,13593,7405,2407,47.5,46.2,48.6,39186,2.42,3638,5427,6565,15471,849,2741,27843,2.82,48595,9409,30020,9166,118,369,5455,143604,505.08,1.48867650416,0.118113530646,1681099060.26367,178666.340115634,9fa9bca3-efd5-4e47-8d14-ea98dee660a7
90,1286,Franklin,Florida,12,037,12037,11622,21.4,11549,21.3,9540,1589,58,26,7,529,133,196,6656,4893,593,525,539,514,692,1799,1486,1716,1670,1281,544,190,42.5,39.7,46.7,4254,2.29,602,646,638,1397,131,314,2722,2.79,8652,4398,3164,1090,20,90,797,28523,543,2.17001603605,0.126610434723,1809527645.30078,250871.402075284,23feeeb6-4945-41b9-a36e-6df8541e1a97
91,1287,Gadsden,Florida,12,039,12039,47015,89,46389,87.8,16646,25996,137,227,19,4419,2757,607,22647,23742,3213,3109,2969,3168,2691,5800,5856,6966,6294,3702,1948,673,38.9,37.7,40,16952,2.61,1871,2454,2767,4360,503,2474,11895,3.12,19506,2554,12437,4515,402,126,13068,135388,528.5,1.72232269926,0.126384756464,1819284982.25,200911.842847477,302b8041-6245-4b64-8a65-adade5d017b6
92,1288,Gilchrist,Florida,12,041,12041,17436,49.1,16939,47.7,15396,897,84,60,12,845,242,248,8836,8103,909,955,1085,1381,1480,1613,1944,2440,2276,1670,838,348,40.7,37.3,43.7,6121,2.58,708,725,1271,2068,181,445,4357,3.02,7307,1186,5131,990,581,144,43744,152731,355.47,1.2546010867,0.0836045114169,1193081045.08984,150984.426606112,be32698a-c838-42bb-b631-c0571ca64a4f
93,1289,Glades,Florida,12,043,12043,13588,13.8,12884,13.1,9153,1588,589,51,2,2720,1280,221,7443,5441,718,645,661,687,718,1674,1662,1669,1683,1728,853,186,43.1,41.4,45.8,4533,2.52,641,528,738,1620,148,283,3039,2.96,6979,2446,3524,1009,331,1338,56473,321806,986.29,2.20648196135,0.234095109007,3254523803.07617,257776.646627096,6de01207-af0e-4d77-bdbc-7c809b24784f
94,1290,Gulf,Florida,12,045,12045,16377,28.2,15863,27.3,12384,2962,63,46,4,678,119,285,9484,6379,649,649,808,752,926,2360,2366,2573,2193,1506,837,244,42.7,40.5,46.8,5335,2.33,723,805,898,1770,174,353,3529,2.83,9110,3775,3988,1347,34,135,544,27149,580.75,2.11269394011,0.137560302328,1967509839.53711,256928.782277892,9df7e206-3d21-4475-9bea-66a3a1af7041
95,1291,Hamilton,Florida,12,047,12047,14344,27.6,14799,28.5,8851,5102,93,76,0,1306,420,257,8721,6078,776,781,822,971,1519,1962,1914,2178,1930,1181,579,186,38,35.2,42.5,4617,2.54,598,626,811,1343,142,499,3186,3.05,5778,1161,3434,1183,292,246,28351,155770,519.31,1.79751931259,0.121021983298,1740513724.66797,210337.302531422,8e8e6026-db22-46e5-974d-db13ccd61847
96,1292,Hardee,Florida,12,049,12049,28518,44.7,27731,43.4,20013,1936,172,298,12,11895,4754,546,14868,12863,2227,2173,2041,2178,2202,3770,3462,3354,2749,2071,1118,386,32.8,31.6,34.2,8245,3.12,775,809,2133,2260,377,829,6172,3.52,9722,1477,5733,2512,982,279,51767,222378,638.32,1.60621211778,0.150813190933,2106768047.53516,187566.451498437,06e046f0-c792-4693-aa0e-a8dc4205484b
97,1293,Hendry,Florida,12,051,12051,39553,33.2,39140,32.9,23436,5261,672,279,24,19243,8421,1047,21198,17942,3131,2965,2863,3188,3004,5576,5266,5008,3648,2608,1409,474,32.8,32.4,33.4,12025,3.09,1272,1057,3098,2948,657,1354,8862,3.48,14564,2539,8324,3701,406,1221,262438,1231346,1189.65,2.7488019801,0.278898690319,3863694883.24609,324826.238362537,102494f9-d1fa-40d1-8bee-cf1d36f01f20
98,1294,Hernando,Florida,12,053,12053,182273,372.6,172778,353.2,154598,8816,613,1859,74,17796,3318,3500,82534,90244,8504,9240,10095,9957,7823,15359,19093,23713,24471,23233,15780,5510,47.7,46.6,48.7,71745,2.38,7345,10890,11356,26635,1804,5039,49313,2.82,84504,12759,57774,13971,799,78,15457,35491,489.18,1.66816062943,0.1174749465,1657306809.12305,193359.534627097,94f96e74-e281-4252-b608-cae50c8d6040
99,1295,Highlands,Florida,12,055,12055,102012,92.2,98786,89.3,79972,9263,471,1439,45,17157,5401,2195,48273,50513,4988,4858,4957,5211,4451,8612,8856,11709,13322,16367,11294,4161,51.5,49.7,53.2,42604,2.28,4963,7187,5501,16626,983,2668,28027,2.74,55386,12782,32830,9774,969,506,84007,282121,1106.38,2.43975243929,0.2605938775,3635470659.47266,287870.113283095,54d191b4-360b-4f8c-b123-0b88d5f7c610
100,1296,Hillsborough,Florida,12,057,12057,1382695,1288.1,1229226,1145.1,876137,205073,4779,42076,925,306635,61554,38682,599084,630142,80459,79737,82835,88167,91853,173877,174342,178058,134661,79772,46900,18565,36,35.1,37,474030,2.55,58180,70370,95631,114110,14457,46780,304864,3.11,536092,62062,288819,185211,2466,87,75764,153316,1073.47,2.54575982371,0.252255473505,3538111413.22266,300888.363923018,ccdb9591-e349-4b24-9524-85602c087243
101,1297,Holmes,Florida,12,059,12059,19865,40.6,19927,40.8,18043,1147,160,87,27,444,74,389,10594,9333,1136,1130,1186,1310,1280,2346,2587,2896,2631,2021,1063,341,41.3,39.2,43.8,7354,2.47,909,1025,1480,2383,235,564,5102,2.96,8641,1287,5710,1644,801,132,34417,36105,488.76,1.65936662213,0.119117168619,1719764686.05273,196141.097077729,8fc2d06f-9fae-445e-8339-a710ca21b8c0
102,1298,Indian River,Florida,12,061,12061,149718,290.1,138028,267.5,116346,12397,408,1666,51,15465,4909,2251,66748,71280,6508,7024,7463,8012,6037,12455,14215,18977,19833,18036,13790,5678,49,47.1,50.6,60176,2.26,6935,10974,8912,21541,1344,3716,38682,2.77,76346,16170,45026,15150,461,352,54783,314418,516.03,1.48903222699,0.115843937275,1621290160.13477,173478.224162404,9f3510d3-7f75-43eb-bd84-8d930138d20c
103,1299,Jackson,Florida,12,063,12063,50086,52.5,49746,52.1,34373,13231,335,239,51,2143,596,921,27252,22494,2610,2769,2697,3170,3237,6344,7087,7537,6494,4355,2477,969,40.6,39.1,43,17417,2.4,2258,2769,2957,5078,520,1752,11637,2.92,21003,3586,12880,4537,1160,226,117569,79907,954.7,2.13991551651,0.230022098018,3318450778.11719,252639.817806282,3c7c120f-b536-4ac8-ae20-eeb6b4613679
104,1300,Jefferson,Florida,12,065,12065,14547,23.8,14761,24.1,8912,5340,37,57,5,546,221,189,7727,7034,777,766,756,765,810,1769,1920,2427,2339,1413,724,295,44.1,42.2,46.3,5646,2.38,742,847,872,1798,136,489,3798,2.89,6632,986,4366,1280,617,210,24608,78292,611.77,2.01646141413,0.152455736631,2191154048.54102,243716.110779086,9e5ba73f-a801-4b38-b84d-7be49a6ae7b3
105,1301,Lafayette,Florida,12,067,12067,8476,15.5,8870,16.2,6868,1411,38,13,2,1076,418,120,5481,3389,487,541,466,541,813,1424,1363,1225,926,641,331,112,36.1,34.9,38.7,2580,2.63,321,303,630,769,84,197,1818,3.1,3328,748,1955,625,221,413,22340,396215,547.76,1.74203005073,0.133974433606,1916864678.55273,208534.247995996,1c5ba6a7-b368-4832-849c-44fbfb8c90c4
106,1302,Lake,Florida,12,069,12069,339742,293.6,297052,256.7,243624,29103,1472,5173,215,36009,10778,6687,143937,153115,16233,17115,17575,17224,13499,28912,35306,39751,39612,39112,24330,8383,45.7,44.4,46.9,121289,2.42,12305,18274,21246,44737,2949,8326,83792,2.86,144996,23707,92802,28487,1784,85,36001,79631,1157.08,2.97995571893,0.280013358827,3958408824.11328,360452.320576801,0c34941b-9406-448c-8052-742e759967c2
107,1303,Lee,Florida,12,071,12071,720426,880.2,618754,756,513496,51069,2193,8461,380,113308,30290,12865,303600,315154,32866,33330,33995,35161,32993,65878,70476,81757,87192,80910,47595,16601,45.6,44.2,46.9,259818,2.35,29764,39580,39646,92780,7037,17568,171026,2.81,371099,111281,184477,75341,844,103,22816,125478,818.47,2.8855408799,0.176968943896,2452170065.14648,340857.019526062,b926b6d4-fe74-4ce3-8544-cb4d0cdd0e66
108,1304,Leon,Florida,12,073,12073,288630,411.1,275487,392.4,173480,83520,775,8053,140,15361,3397,6122,131134,144353,15350,14877,14690,27231,43722,39954,30360,33593,29730,14633,7930,3417,29.7,28.9,30.6,110945,2.35,14548,18818,17190,23484,2366,10094,60908,2.94,124136,13191,60393,50552,284,286,6563,13492,702.05,2.07160710959,0.17124782972,2461992234.59375,243056.915932038,0e725967-d952-45f2-bb40-91c95d9d70bb
109,1305,Levy,Florida,12,075,12075,41097,36.2,40801,36,34876,3832,170,229,24,3047,879,791,20078,20723,2299,2300,2426,2591,2086,4097,4594,6190,6304,4810,2431,673,45,44.3,45.5,16404,2.45,2023,2234,2759,5311,478,1349,11067,2.91,20123,3719,13155,3249,1053,159,59835,76335,1134.28,2.40527950084,0.270873203768,3850077259.99414,285351.836300085,70e6ce8b-7266-4464-9472-ecb17a5c8954
110,1306,Liberty,Florida,12,077,12077,8737,10.4,8365,9.9,6462,1497,89,17,0,518,158,142,5092,3273,462,493,517,493,548,1387,1311,1368,898,539,284,65,37.1,36.5,38.4,2525,2.57,305,328,548,713,100,260,1775,3.05,3357,832,1909,616,80,177,1169,18750,843.54,2.33422942135,0.207052706878,2970096696.54297,279027.825385024,a3769eb3-0ccb-4c95-8ac5-8a93b4f76a75
111,1307,Madison,Florida,12,079,12079,18862,26.4,19224,26.9,11070,7460,93,47,0,899,302,252,10035,9189,1215,1075,1100,1346,1279,2393,2354,2787,2630,1736,921,388,40.2,38.6,42.1,6985,2.48,890,1038,1143,2036,163,830,4778,3,8481,1496,5187,1798,669,214,38497,77463,715.73,1.90531030824,0.171875676778,2470583070.77734,224402.522020878,26245d06-bec2-4e6a-86ce-d6bd9b1da976
112,1308,Manatee,Florida,12,081,12081,376566,500.4,322833,429,264322,28230,1044,5275,218,47955,17260,6484,156115,166718,18322,18136,18527,18100,16031,32753,36727,44048,45080,38985,26196,9928,45.6,44.2,47,135729,2.34,15696,22946,21272,46506,3363,9550,88149,2.85,172690,36961,96818,38911,689,271,70380,433160,752.48,2.74737384795,0.17360115088,2424614016.24414,318024.323415027,d761fdfe-a8ee-40a5-a369-36157bfb9ccd
113,1309,Marion,Florida,12,083,12083,350915,211,331298,199.2,268284,40828,1309,4407,144,36137,9512,6814,158993,172305,17112,17413,18029,19033,16336,31810,35855,44391,46001,47094,28822,9402,47.3,45.9,48.6,137726,2.35,14876,21873,19921,50137,3488,10412,92554,2.8,164050,26324,105075,32651,3870,83,69750,48624,1662.75,2.93216474501,0.401712355896,5703352156.66406,345337.162387408,b43497c9-4382-4ce3-ae76-460654f51420
114,1310,Monroe,Florida,12,087,12087,77537,73.9,73090,69.7,65409,4194,296,809,70,15071,1011,1301,38962,34128,3189,2858,2937,3260,3758,8885,9887,12876,12971,7696,3609,1164,46.4,46.5,46.4,32629,2.18,5908,4142,4130,9910,798,1617,18219,2.7,52764,20135,18501,14128,28,17,130,386947,1049.19,3.66030457147,0.200978904651,2759063483.55664,430772.71595284,2fc0dd00-9a72-43bc-ba2a-92fa796dfb8b
115,1311,Nassau,Florida,12,089,12089,80628,120.9,73314,110,65809,4668,308,639,50,2380,685,1155,36146,37168,3983,4325,4816,4628,3895,7613,9490,11563,11093,7396,3479,1033,42.9,42,43.7,28794,2.53,2874,3427,6008,10425,823,1872,20870,2.93,35009,6215,22449,6345,444,89,4877,14739,666.63,2.05464539521,0.149254579614,2148796372.64258,249030.424990996,efda29ce-154b-4bd0-a5a5-8692232021cf
116,1312,Okaloosa,Florida,12,091,12091,198210,211.3,180822,192.7,146582,16797,1068,5328,354,12296,3592,7101,90843,89979,11608,10881,10674,11942,13678,24995,21675,28748,21403,14094,8577,2547,38.2,36.3,40.1,72379,2.43,8943,9958,14435,22189,1959,5812,48457,2.92,92407,20028,47095,25284,477,129,18649,21562,938.2,2.75089787167,0.222932224242,3213354629.18164,328282.798299213,9a124d1d-3ab5-4708-b898-1abb6d33c260
117,1313,Okeechobee,Florida,12,093,12093,39837,44.7,39996,44.8,31009,3203,380,351,29,9561,4273,751,21430,18566,2659,2543,2591,2899,2537,5058,4968,5401,4549,3902,2227,662,38.5,37.5,39.8,14013,2.68,1715,1636,2818,4150,575,1182,9632,3.13,18509,4496,10184,3829,678,652,52142,378876,891.79,2.14583430495,0.208046946005,2903649812.38281,255756.467239022,6654f120-b10f-4a73-afa7-63f948b557be
118,1314,Orange,Florida,12,095,12095,1332714,1328.2,1145956,1142.1,728795,238241,4532,56581,1266,308244,77216,39325,564326,581630,74185,73754,74975,88367,105821,177117,164468,162059,114291,62011,35392,13516,33.7,32.7,34.7,421847,2.64,50043,54789,88385,95101,13126,43903,273454,3.19,487839,65992,243950,177897,662,200,13790,395193,1003.37,2.49518429052,0.242852618046,3424770791.83594,290622.852400757,704bf815-2999-4bf2-9183-726d64f7a916
119,1315,Osceola,Florida,12,097,12097,333980,221.9,268685,178.5,190641,30369,1452,7406,294,122146,27623,10900,131634,137051,17796,18815,20572,21442,18007,35301,39484,38876,28736,17613,8990,3053,35.6,34.4,36.8,90603,2.93,7601,8661,23209,24354,3608,10308,68547,3.3,128170,37567,58541,32062,365,1499,29700,297659,1505.11,3.0486487564,0.354962647428,4984569802.66211,359473.655227911,1671f367-158f-48dc-b373-8ddc4c73990a
120,1316,Pasco,Florida,12,101,12101,512082,669.3,464697,607.4,409784,20700,1646,9796,270,54536,12054,10447,225886,238811,25664,27278,28407,27637,22191,49207,60711,66594,60763,50870,32822,12553,43.6,42.4,44.8,189612,2.42,21081,28672,35180,61736,5224,13202,127079,2.9,228928,39316,146239,43373,1065,161,24708,69351,765.07,1.95839388621,0.178104462508,2506959365.13281,226752.004698993,ed03a4a5-ed25-413e-8226-55f447df9a65
121,1317,Pinellas,Florida,12,103,12103,968279,3322.6,916542,3145.1,752892,94745,2892,27148,810,73241,18039,20016,440009,476533,42349,43079,46769,50416,47098,99379,111363,147591,134399,95294,66970,31835,46.2,44.8,47.5,415876,2.16,62041,85270,53248,114478,9093,29716,234268,2.79,503634,87758,280458,135418,118,13,577,22419,291.42,1.85631257396,0.0730471990142,1024653720.22266,222913.881877479,5c51c859-9150-48a9-a552-2ca01dbf9848
122,1318,Polk,Florida,12,105,12105,662431,329.4,602095,299.4,452854,88833,2706,9760,360,106532,32847,14735,295313,306782,38839,39316,39282,40847,36499,71248,73447,80077,74244,60758,35544,11994,39.8,38.6,41,227485,2.59,23284,30914,43953,72298,7154,20589,159323,3.05,281214,53729,160442,67043,2415,216,125095,145042,2011.18,3.42855403904,0.479499223446,6726394017.79883,402692.113589347,3141198d-a178-4a22-9fa6-5ece2bed4f72
123,1319,Putnam,Florida,12,107,12107,74098,89.6,74364,89.9,57468,12030,359,455,53,6706,2705,1294,36884,37480,4689,4506,4675,4930,4046,7747,7987,11014,10700,7965,4637,1468,43.3,42,44.7,29409,2.48,3733,4141,4696,9161,930,2760,19737,2.97,37337,7928,22333,7076,430,164,10329,102760,827.11,2.09063387184,0.199066137818,2837366965.86133,248937.518572481,3e16fccd-6d6e-4d98-ae9f-c24faff629cc
124,1320,St. Johns,Florida,12,109,12109,238439,362,190039,288.5,169794,10684,551,3920,149,9972,1576,3365,92425,97614,10106,12371,13207,12944,9871,18603,25701,30774,26669,16708,9408,3677,42.2,41.3,43,75338,2.49,7457,10388,17789,24462,1644,4555,52223,2.95,89830,14492,57862,17476,188,179,18473,370528,658.69,1.91774663585,0.141917786539,2028629002.04492,233944.516538379,86b9ccbf-d140-44a4-9602-4a6b4dbf3e41
125,1321,Santa Rosa,Florida,12,113,12113,171747,167.6,151372,147.7,132920,8205,1306,2759,217,6507,1463,4502,76422,74950,9197,9770,10620,10550,8875,18591,20893,24835,18581,12043,5801,1616,39.1,37.9,40.3,56910,2.59,5819,6329,13849,18614,1648,4294,41553,2.99,64760,7850,43453,13457,666,147,69610,94250,1024.96,2.90316785012,0.254902191322,3674812452.82031,348145.594595748,bba65256-e5bd-40e0-9884-b8c7b9b44ff7
126,1322,Sarasota,Florida,12,115,12115,414899,716.3,379448,655.1,342090,17815,945,4903,134,30033,7556,6005,181041,198407,14624,15902,17814,18363,15253,31182,38116,51632,58335,58323,41878,18026,52.5,50.8,54.1,175746,2.13,21399,34995,20921,64814,3297,8931,106952,2.64,228413,52667,131759,43987,283,283,4670,88457,579.23,2.05979861052,0.133614406998,1861185420.74023,243406.038535199,d12b3283-5e43-4c39-a70f-b0ccb37c5beb
127,1323,Seminole,Florida,12,117,12117,457650,1326,422718,1224.8,330664,47107,1386,15692,258,72457,15421,12190,204799,217919,23363,25722,28998,30877,30888,54808,58859,67310,51216,27633,16146,6898,38,36.5,39.4,164706,2.55,17464,23199,36009,44014,4479,13981,110426,3.05,181307,16601,109499,55207,312,70,2419,88040,345.14,1.33897652018,0.0811945481884,1147258025.70313,156840.609775587,8db0dfd6-59e4-41ff-a168-b9cf5dcb574f
128,1324,Sumter,Florida,12,119,12119,125329,216.1,93420,161.1,80893,9022,359,620,39,5582,1437,1050,48611,44809,2243,2348,2360,2542,2453,6452,7473,8574,18445,26733,11375,2422,62.4,61.1,63.4,41361,2.04,3915,6431,2572,23224,527,1260,29117,2.37,53026,11665,37085,4276,1367,134,20734,30773,579.9,2.0180634237,0.138334958568,1954398675.18555,243887.951183815,0bd2c612-5c82-4c29-8191-23e4d53f4de7
129,1325,Suwannee,Florida,12,121,12121,44733,64.6,41551,60,34299,4754,211,228,15,3596,1271,773,20945,20606,2574,2595,2612,2654,2267,4680,4830,5875,5614,4448,2472,930,42.1,39.9,44.3,15953,2.52,1775,2305,2935,5095,560,1336,11035,2.97,19164,3211,12003,3950,1266,153,84084,234060,692.1,1.79855819428,0.170750467266,2448253777.17578,217644.33295573,7ce7d78f-9235-4701-8365-f5052650a5d2
130,1326,Taylor,Florida,12,123,12123,22641,21.6,22570,21.5,16964,4669,180,153,6,777,205,393,12554,10016,1289,1193,1198,1256,1458,3013,3045,3472,3118,2152,1095,281,41.2,39.6,43.8,7920,2.44,972,1160,1330,2459,269,743,5389,2.93,11004,3084,6059,1861,181,207,2270,32160,1048.68,2.24822990118,0.25281802247,3619277624.87695,269080.99896029,41214ba3-6518-43a6-aa37-7960bb54e59d
131,1327,Union,Florida,12,125,12125,15704,62.9,15535,62.2,11655,3449,57,34,2,743,113,225,10045,5490,827,769,880,896,1075,2415,2170,2585,2364,1032,422,100,39,40.3,36.4,4048,2.66,487,477,962,1110,141,425,2906,3.13,4508,460,2885,1163,291,159,7286,25495,249.77,1.10636541266,0.0610784700244,874355602.810547,129185.34526665,cf73f865-84eb-422c-9aa2-6c01da1955ab
132,1328,Volusia,Florida,12,127,12127,528719,433.3,494593,405.4,408256,51791,1778,7567,204,55217,14487,10510,241715,252878,24337,24819,26923,31095,30798,50842,56611,74193,70686,53767,35872,14650,45.3,43.5,46.7,208236,2.31,26605,34834,30687,64711,5417,15076,130386,2.84,254226,45990,150443,57793,1363,78,23360,81802,1220.16,3.88473774471,0.286601060438,4064139742.30078,467829.389780416,2ce27491-e293-4168-b60a-0f18d8a813bf
133,1329,Wakulla,Florida,12,129,12129,32143,52.2,30776,49.9,25224,4464,191,172,18,1016,148,559,16992,13784,1740,2000,1951,1905,1770,4276,4778,5167,3850,2123,958,258,38.7,38.2,39.3,10490,2.61,1153,1186,2439,3180,381,912,7591,3.03,12804,2314,8469,2021,171,181,1998,13322,616.28,1.82649997088,0.149625003079,2144773630.59375,214188.011577396,7bbeb74c-ab05-4325-abf2-4c7a2b8f0c4c
134,1330,Walton,Florida,12,131,12131,64209,60,55043,51.5,48351,3178,488,499,58,2921,1169,1300,28177,26866,3355,3159,2916,3124,2945,6938,7116,8714,7833,5458,2630,855,42.1,40.6,43.9,22301,2.38,2846,3317,3853,7106,634,1586,14512,2.87,45132,22831,16194,6107,670,221,30700,42633,1069.31,3.01460146329,0.262825677174,3786042882.22656,360562.179069108,665caa1e-9e8d-421f-8363-73c9e26325bd
135,1331,Washington,Florida,12,133,12133,25039,40.6,24896,40.4,20014,3745,319,134,15,733,149,520,13575,11321,1444,1404,1465,1596,1528,3209,3474,3820,3129,2328,1124,375,40.3,38.6,42.7,8864,2.5,1052,1213,1737,2806,300,729,6195,2.97,10796,1932,6894,1970,406,144,18381,33369,616.11,2.02383740254,0.149614845685,2154325055.08789,241210.38723934,7a6af3d0-7bc9-441c-ba76-d918b6f80441
2937,2595,Broward,Florida,12,011,12011,1883555,1538.2,1748066,1427.5,1102231,467519,5065,56795,911,438247,64694,50851,846571,901495,103256,104071,112207,114200,104783,224479,251425,277040,207181,125353,82545,41526,39.6,38.4,40.7,686047,2.52,88038,109501,134277,159340,18672,65560,434488,3.14,810388,124341,456732,229315,615,24,4292,77100,1224.55,2.28259769879,0.281146933444,3881317375.50391,263492.569297613,ee7840e7-60db-4d47-9395-eff6731901f3
2938,2596,Martin,Florida,12,085,12085,156333,235,146318,219.9,127691,7842,840,1540,104,17881,5968,2333,72423,73895,6201,6896,7751,7805,6422,12436,15429,22181,21225,19475,14488,6009,49.7,48,51.4,63899,2.23,8227,11612,9316,22882,1345,3311,40148,2.75,78131,14232,49196,14703,587,237,43837,281862,665.31,2.17159275828,0.153163564651,2131665960.71289,249210.535308963,05bfb7ea-74ed-447e-b743-5a83ca9f4221
2939,2597,Miami-Dade,Florida,12,086,12086,2702302,1365.3,2496435,1261.3,1841887,472976,5000,37669,675,1623859,79351,58877,1208364,1288071,149937,145253,152541,168514,176823,340467,372397,366617,271873,186976,119171,45866,38.1,36.8,39.4,867352,2.83,94284,109939,183583,196658,28662,95979,602911,3.33,989435,122083,483874,383478,2954,28,64904,204549,1979.22,2.92630336283,0.465288903301,6394072978.50586,344959.70478405,ce9a8512-3fe9-42c2-8926-44ea5b54ba72
2940,2598,Palm Beach,Florida,12,099,12099,1441728,650.7,1320134,595.8,970121,228690,6043,31100,770,250823,53138,30272,638888,681246,70852,72847,76917,79570,74105,146694,165576,188126,160292,130427,105523,49205,43.5,41.7,45.2,544227,2.39,64684,99196,92419,159450,13567,39701,340709,2.97,664594,120367,388493,155734,1409,365,440747,709041,2215.76,2.86684463845,0.508084153935,7044360088.22852,336084.275722534,2d3fb762-351f-46f8-97ba-5a9f2fee867c
2941,2599,St. Lucie,Florida,12,111,12111,302601,523.4,277789,480.5,199336,53036,1123,4334,161,45995,12512,7287,135859,141930,16418,16964,17757,17656,14680,30110,34617,39265,34944,29395,19384,6599,42.4,41.3,43.5,108523,2.53,11380,14892,20300,35036,3195,9066,74963,2.99,137029,28506,80766,27757,406,481,66559,413975,578.14,1.55395953632,0.13299764643,1856064936.64063,182610.759077592,747e49a1-fbd8-4b2b-9f40-8d505cb6846b
